county,median,mean,sd,lower_95,lower_90,lower_85,lower_80,lower_75,lower_70,lower_65,lower_60,lower_55,lower_50,lower_45,lower_40,lower_35,lower_30,lower_25,lower_20,lower_15,lower_10,lower_5,upper_5,upper_10,upper_15,upper_20,upper_25,upper_30,upper_35,upper_40,upper_45,upper_50,upper_55,upper_60,upper_65,upper_70,upper_75,upper_80,upper_85,upper_90,upper_95
all,0.742867876702544,0.744986776120561,0.0362083911440212,0.678982202236436,0.688788352379809,0.695099915745984,0.700369273082809,0.704391708040841,0.708503265557743,0.711424405918595,0.714374879000926,0.717035106436892,0.720029637802341,0.723090300776304,0.725562461797883,0.727845193661798,0.730380217512893,0.732797731305936,0.734947727172791,0.737146335392511,0.739131426113624,0.741122107662745,0.745504757724246,0.747492910830312,0.749604615028049,0.752335460334439,0.754635527059753,0.757096618045758,0.76009313685698,0.763044372069762,0.765996807636682,0.769092741774989,0.771835084292693,0.775550229824282,0.778912175292414,0.782389329034194,0.785915229847146,0.790031613128805,0.796212517299127,0.806200890228008,0.819439028984561
banovce,0.429303144979792,0.430320225871021,0.0820869643437764,0.280721818017231,0.296870963700669,0.311082982313609,0.324909856411559,0.335140152090939,0.344966446639852,0.353130034943364,0.360714600363983,0.368269947711827,0.375641377967294,0.382003681843952,0.388547370443013,0.396038334392467,0.402538592095602,0.407310321023871,0.41267527828338,0.416323378159547,0.421243715673146,0.425104763392363,0.433944171663739,0.438935684881113,0.444440093097064,0.44991527308329,0.455041510410419,0.460386958500649,0.465125080798224,0.47001854849802,0.475360893143471,0.480257472685335,0.486452966675919,0.494210680281205,0.501840119283579,0.511189829012727,0.521614773707303,0.531836428862167,0.545707233594608,0.565663414675069,0.59931203550395
banska_bystrica,0.688271551113698,0.69027283405732,0.0503260076419466,0.601349122339155,0.614500775967906,0.623470129983968,0.629827173882715,0.635042198033479,0.639708140743164,0.644343594769834,0.648308953316321,0.65216628186255,0.655595891599826,0.659488624424028,0.662817898835809,0.666163379122129,0.669632800241417,0.672795533552027,0.675552303198174,0.678146463574084,0.681480343855134,0.684255856063842,0.690995334952432,0.694021102343488,0.697496302611108,0.700825154411421,0.704633405047478,0.707192807975721,0.710506058830251,0.714123351594396,0.717526664868651,0.721574156315486,0.726226209997865,0.730505388293464,0.735526270973693,0.741337064786867,0.748054268363586,0.756047133449446,0.765125521031513,0.777454270502672,0.795261835237123
banska_stiavnica,0.875910704527241,0.916101136409035,0.230685191752871,0.555490911075519,0.601590644466014,0.639886559600121,0.669815508577661,0.688985735371274,0.708729761416849,0.725206149668267,0.736947589218059,0.748596323010316,0.760175446812873,0.769638316656177,0.781429380389388,0.792824401699103,0.804339737486533,0.818822777580558,0.831434501836861,0.841261004068951,0.851981304087657,0.862792165051424,0.889421369216956,0.903229327217904,0.922205890796293,0.938487298340529,0.954804794274351,0.973199291460987,0.992766555375375,1.00835092878093,1.02836693656484,1.04734802794217,1.07050168675816,1.09322190460843,1.11205831694557,1.13586066242855,1.16474364773805,1.19764294203995,1.26058526797528,1.32934532290034,1.44151795845576
bardejov,1.06203026945421,1.06495629085166,0.196488576437044,0.624642792007175,0.731228257690528,0.782311090073472,0.823873201782907,0.85034080453106,0.874976200173005,0.898916265758763,0.91708796873717,0.934313554345662,0.947100477110486,0.962038208629014,0.972914687307357,0.984158979198029,0.99463666151991,1.005654621739,1.01642920237832,1.0286994595506,1.04144462835548,1.05205427841505,1.0773610237852,1.08974183743162,1.10045699288451,1.11370682327916,1.12800720040153,1.13839059068322,1.1502964115767,1.16437461870922,1.17912394482024,1.19346096908351,1.20994354559341,1.22386697595618,1.23939354422597,1.26157166396234,1.28786933197294,1.31448987625352,1.3412364015319,1.37837005415439,1.4483807477939
bratislava,0.792100547725509,0.787821131844761,0.0294106727760209,0.718616404450387,0.733398549206689,0.742410311015222,0.748769310293776,0.75341014026438,0.75692780159803,0.760760344110043,0.764427429810619,0.767960231218745,0.770644844267002,0.773291393882184,0.77594748892845,0.778648364417696,0.780602161256456,0.782471009037604,0.784295301918855,0.786112996580193,0.787887514472867,0.790025338301878,0.793884779503015,0.795386970717258,0.797329717304745,0.798740161491821,0.800370043114871,0.801853063709107,0.803310900059741,0.804951318985635,0.806709593869797,0.808403664019008,0.810427089725082,0.812435669493046,0.814629418135363,0.816866650209404,0.818933615206521,0.821471177881596,0.824945418968587,0.829337242759401,0.834915518482164
brezno,0.523480451617715,0.520989192963168,0.073615176063233,0.359136090227957,0.394418390579097,0.415480354597458,0.429254948795819,0.43932646332684,0.447360371426663,0.456595622619907,0.465041060662869,0.4724562015629,0.478409676684923,0.483992812104568,0.48963634450024,0.493776583297109,0.49832301546095,0.50331660713956,0.50777166938062,0.512382267445654,0.516315945226531,0.519960144052851,0.527438042371228,0.531825343911583,0.53597923660574,0.540411499313571,0.544714453188507,0.549629263883049,0.554028966366629,0.5584050457646,0.563148076327565,0.568301738732633,0.573327582918455,0.578915749054891,0.586094528052013,0.592905429143267,0.602176104021214,0.611308330727289,0.622279414748474,0.636824652681342,0.657923625109364
bytca,0.419779060319527,0.418556587426253,0.0662631285569998,0.267315563609828,0.299729171334645,0.322322118800077,0.337643272010646,0.347976407569778,0.355916484249016,0.363449616131257,0.368565237183726,0.373695234016593,0.379781611547075,0.38558928120889,0.390324269085779,0.395693522757977,0.40010821915836,0.403829125600002,0.407159336523073,0.410343125571514,0.413144635287106,0.41696262672085,0.423378997862102,0.427810760594942,0.431534803974223,0.435070327041655,0.438907528711169,0.442923177132424,0.446824599324896,0.451277250032205,0.45581719876077,0.461465248970431,0.466446714611085,0.47181278837238,0.47849837061768,0.484539062458465,0.492001433309753,0.501847954665807,0.511034607807842,0.52421452679182,0.544168636003826
cadca,0.62088828333605,0.631984523833741,0.128151205146146,0.401956126824333,0.439249980391141,0.46349794922693,0.477834459624369,0.49471632454254,0.505613535992574,0.518273579729,0.5289610145291,0.538985445167,0.547687233299941,0.555540671805444,0.564130989209495,0.570351112350363,0.577281324175075,0.584055553316376,0.591608612987041,0.598508575350594,0.605630037572389,0.612978544915629,0.628474066475639,0.635667838474336,0.644074098751874,0.651540666689233,0.660276810898516,0.669944059386506,0.67828452881674,0.686538746697069,0.696116705695156,0.707289973618342,0.720065030512177,0.729530896719106,0.742201417931076,0.759616285011127,0.774342103513132,0.793208397252445,0.817018312069431,0.849748536691772,0.916797798641055
detva,0.631503309464315,0.626277922645049,0.0854567428550472,0.456280328153174,0.484811394119426,0.503964273723381,0.517514266430951,0.52952401624258,0.54214617039348,0.551394918551055,0.560510220168293,0.567197840076996,0.573031438740224,0.579491854272785,0.586389643746994,0.593292958935329,0.599474660456963,0.605189806832936,0.612084604537817,0.616996863246557,0.622734807794258,0.62710248387043,0.636357334398834,0.640794312292574,0.646168349778762,0.651769798918171,0.655534411322543,0.660319062227115,0.665488076913155,0.669487194684017,0.674441972425035,0.68071024369824,0.687003473458094,0.692936302029518,0.699172455531907,0.707217403133639,0.715572628378343,0.72561288692366,0.738516089146495,0.759092380636736,0.788367356644422
dolny_kubin,0.629335239853192,0.641264591378828,0.127258553311818,0.412467334871956,0.448427126579414,0.472048669963227,0.486385651771074,0.502676906984805,0.51321233172053,0.523674934378126,0.533318172140894,0.543595520761487,0.554101165190894,0.564752043041423,0.574391257031132,0.58118649383624,0.587813408127648,0.595360815645016,0.601518792131804,0.609507495361028,0.61517324366655,0.622274337989416,0.636574012689067,0.643645390882463,0.650398117506588,0.659602380251685,0.670014271770457,0.679846588075506,0.690404807971874,0.702388827642391,0.710261410027343,0.721074614736996,0.730786499133448,0.742051548481343,0.757417578833573,0.773054087028168,0.786795333384944,0.80876693125734,0.831481536443458,0.861622571866708,0.91522395010649
dunajska_streda,0.628961017121276,0.623549422602719,0.0784220523814346,0.447559044608837,0.48312378994827,0.509742358573826,0.525532777718897,0.539229574123094,0.549566346919823,0.558089000889416,0.56546029597093,0.571682654177428,0.578406289195351,0.585978200140601,0.592253661711589,0.598222495683238,0.602988562048731,0.607116313139547,0.610980720126542,0.61535299424086,0.619446330315392,0.624482955645488,0.633328031242761,0.638591953339142,0.643152576309991,0.64726951120968,0.652301552049585,0.657284755783923,0.66181428671324,0.665959534958693,0.670383730871505,0.675196293730637,0.680406310237789,0.685250990797377,0.690350441702431,0.697789689332129,0.706499369958458,0.715936282324072,0.727354922570228,0.740861004844464,0.763396345641423
galanta,0.635945745625461,0.632031305889649,0.0606500816904184,0.490585896437748,0.519781776366897,0.540378101293257,0.552025628279707,0.564291813122571,0.573577203357493,0.579849974937817,0.586105828296556,0.591195576085556,0.596550531777387,0.601533890226785,0.606747375409917,0.611387583005224,0.61493646021134,0.618978320287417,0.621763950789645,0.625152896778422,0.628714880850384,0.632185079957023,0.639433118044786,0.643514875337653,0.647335206261122,0.650984651109016,0.654592294884884,0.658253644811177,0.662324184877069,0.667001646481416,0.671094224172569,0.674913115343105,0.678336818679332,0.683063884834892,0.687625586805426,0.692692310833723,0.697608645692631,0.702690536016388,0.709882287547293,0.719031825066023,0.736446954318374
gelnica,0.539760475768204,0.534877903300882,0.0986464916150551,0.301070679122499,0.36118891801368,0.395202315117974,0.418509591064745,0.43342362983804,0.443856270172877,0.458060521495266,0.467724082580733,0.475653782963072,0.482221572440005,0.488410349971712,0.494838890081728,0.502092055405356,0.508440739936221,0.514126913574638,0.519723001523806,0.52582496166281,0.530748207899028,0.535596709538207,0.544644985018085,0.55004658526615,0.55480116430853,0.559872019670049,0.565071947951108,0.569610658297608,0.573823935772528,0.580215357440488,0.586580153323035,0.593514460932871,0.601357284373139,0.608575484926365,0.61701412486128,0.626883642486264,0.638874867818327,0.651012590310403,0.6659931046129,0.685731710328356,0.719795189730874
hlohovec,0.61486021599036,0.613337894414879,0.0421944810506199,0.521940496669764,0.544934425989998,0.556832799297469,0.564971435334951,0.57006027608066,0.575213492709159,0.579576563249294,0.5830981826446,0.586550410161771,0.590088434037355,0.59302041015793,0.595374552316539,0.598240029682621,0.600449148797822,0.60295435795569,0.605417005215793,0.607969039339985,0.610631974070908,0.612589829350947,0.617185211904959,0.619493263140288,0.621769967524242,0.624039191195149,0.626431168082316,0.628647951775792,0.631231659374971,0.633819051086438,0.63628785564454,0.639034693084217,0.642080503464828,0.645396411993181,0.648687540863433,0.652915057440904,0.657519622471104,0.662162407542036,0.669102797988568,0.678332715349705,0.691388614285384
humenne,0.73011243374707,0.721343236184515,0.135327311698403,0.426396047708407,0.488464584393563,0.518763993524102,0.544976250656398,0.559726793877738,0.580709747372169,0.596397430710188,0.612724180284221,0.62673737031342,0.637424173556327,0.648186531097755,0.659255697538776,0.668755199799067,0.676192275857357,0.683459465306865,0.692469058590453,0.703370915145779,0.713634250157369,0.722256930526534,0.738498993399583,0.745613244378584,0.754283034804953,0.761802410744501,0.770750375961958,0.778792079217279,0.786538468966948,0.795081840903244,0.803877105476653,0.812280926599393,0.82164184305238,0.830030331974043,0.843005700245885,0.856515717950389,0.869995713035692,0.885677404496731,0.907261759335707,0.932370251919176,0.975102700485815
ilava,0.558261007747887,0.552567420797102,0.0624628694149854,0.403475607457758,0.449558889378794,0.465224073087989,0.477248310202742,0.487937081058087,0.496328779353609,0.503779048993399,0.509180006820549,0.515139175901872,0.520702212857796,0.525506562299146,0.529292466881414,0.532683488176497,0.536418669625647,0.540406423274887,0.543763892904158,0.54784859738795,0.552053509022108,0.55515212056324,0.561863605603878,0.565404381725443,0.568134025342203,0.571561072975714,0.575591964962726,0.57858400563128,0.582140617064366,0.585413330641757,0.588511228390133,0.592955727674912,0.596867211450088,0.601440287544345,0.606623237141422,0.610983370859904,0.615851059267578,0.622702598079346,0.631073649648567,0.641231563021187,0.657073017111042
kezmarok,0.554721796445423,0.551891855876307,0.06580722063777,0.40716280353811,0.440357719468943,0.457348428547773,0.468630464287664,0.479171894768882,0.490206678814386,0.497072589656466,0.502412071405327,0.508079661091365,0.513122930622916,0.517299654549927,0.522139167066668,0.526768153530088,0.530789559961504,0.534720898954975,0.538852251002754,0.542653703456117,0.546657763600385,0.550620245688315,0.559311302231379,0.562600986748401,0.566201539733747,0.569623512165875,0.573238598309278,0.576678070226807,0.580434643658402,0.584575970294108,0.588717972806027,0.592887715433188,0.598230405711105,0.603888513140845,0.609658367770707,0.615758816744828,0.623785199512431,0.632414752124494,0.644126869828606,0.658503229931192,0.677170626860052
komarno,0.377448134325554,0.384080568762635,0.107832553372346,0.186011310521847,0.216606294751884,0.240310234638125,0.254609283020227,0.26442268752967,0.275530712923297,0.285179639501309,0.29415580579003,0.302847913180253,0.310660789764476,0.317501432881738,0.324925919600334,0.33143573861361,0.339565819981126,0.346508968135932,0.354660225129873,0.36121971572732,0.367129705649748,0.371933748659652,0.383078769841953,0.389006080967879,0.396349727859002,0.403304677590991,0.410724843000489,0.419639945463052,0.42732587625697,0.436079923226517,0.443830202068862,0.454556138571519,0.46332863239253,0.471935989304576,0.479575264796304,0.491251948050894,0.50534929377221,0.524150201510461,0.54278171928073,0.57117248317966,0.619916975365601
kosice,0.72707689047157,0.726410916692439,0.0502824736501094,0.624471828982262,0.64193461859905,0.653012764123405,0.660870151659881,0.668237803972791,0.674771499774107,0.680100913308189,0.684696157047261,0.68883985770421,0.693531809998152,0.697483676280463,0.701192407417047,0.704407183845053,0.707568722474705,0.710912336753207,0.713986340849653,0.717595529262299,0.720478136440028,0.723876522130667,0.730334391897065,0.732979199281101,0.736340011168622,0.738875560596409,0.741739264350822,0.74495733640055,0.748254059562498,0.751517087433045,0.75543603115847,0.758859216016714,0.762837470603392,0.76733292563164,0.771625577718785,0.776574248856252,0.783398389597506,0.790017338828667,0.799143764414253,0.809871837001236,0.825682204991869
kosice_okolie,0.624850693358791,0.622087511535838,0.0633292829838413,0.489427176990075,0.513580203752475,0.530567269940118,0.5428371773984,0.551588461329579,0.558917545993099,0.565185523120265,0.570850291780746,0.576513386081345,0.580871136385547,0.586392779340918,0.591768465879927,0.59620441402146,0.601087886891982,0.604834671262419,0.608992636895323,0.613662082354105,0.617369918360959,0.621406637292686,0.627806371041649,0.63136932552286,0.634858853861225,0.63860679277285,0.642217093094086,0.645810330138706,0.649644780476277,0.654104643993946,0.65908887331507,0.663915880093692,0.668444701905033,0.67393211291481,0.679862104421089,0.685808877205379,0.693941452542013,0.702167827283325,0.711268940959123,0.720937019948178,0.741591598708545
krupina,0.546900217983073,0.53773181025105,0.110782292609505,0.30299173063026,0.334875729327199,0.359717143022677,0.378814334960172,0.407245692730544,0.423533011814922,0.439086512374372,0.449019467461476,0.460303841283643,0.471061608342433,0.480596162602399,0.488038563152906,0.494620448425935,0.502611977768448,0.510745403081207,0.519761961157153,0.527550552194065,0.535158648235695,0.541098429028784,0.554039527289775,0.561009926919326,0.567981963399389,0.574989432271222,0.581448824312702,0.588497398835229,0.596016177294303,0.603296499554074,0.610717839221224,0.616646460803327,0.623517144836324,0.630402013722919,0.637210165144268,0.644966762311514,0.656388502448999,0.668756369824029,0.68609529624408,0.706262456996371,0.727056603875047
kysocke_nove_mesto,0.409194009880046,0.409268730441704,0.0662549382480326,0.271914776964557,0.293061717877181,0.314913083022403,0.327336942596155,0.337604585446487,0.346319622563781,0.353466449165047,0.359644641482893,0.365024615694526,0.37003121553208,0.374290477134689,0.378042479637247,0.381654150993315,0.385582127793932,0.388866902619045,0.393371040289864,0.397346032209724,0.401032382593112,0.4046308609816,0.41395198322905,0.418158424193366,0.422361514358561,0.426950238102453,0.43124480269575,0.435109543500258,0.438601473395154,0.443110725783905,0.44779255759909,0.45282550595005,0.458202211962388,0.464242891114098,0.470142758599383,0.476330103584312,0.482243864687583,0.492093413851852,0.502068447428966,0.516870072324257,0.534819695663312
levice,0.577081744074782,0.574153015369639,0.0512292465608881,0.451492626376057,0.485306794969106,0.501020261042856,0.510061064881407,0.51899545788565,0.526404323113375,0.531610120052517,0.535477508767892,0.540052778548845,0.544013163168695,0.547805396525867,0.551318729292632,0.554932740783788,0.558476641241409,0.561982294357895,0.565642264437229,0.568625118335736,0.571304362252607,0.574307171011219,0.579553974767738,0.582716847984312,0.585576726948278,0.588639177865948,0.591503030137574,0.59475644946559,0.597540003812737,0.600795047443746,0.604381251332358,0.607129984141458,0.610938479561624,0.615323321146432,0.619615954227155,0.624331727909845,0.630007708171221,0.635617014563343,0.643351177220264,0.652860895926142,0.66526400012509
levoca,0.55265885093678,0.569559609984754,0.152089819658748,0.312539890055537,0.343902898109901,0.376910053346455,0.393863369831663,0.409921583167312,0.422273737408428,0.431637114552639,0.441310301714814,0.451432755023953,0.462128079677725,0.473608573632915,0.483393649281559,0.492086080572471,0.500497783691517,0.509353922383244,0.517333783273858,0.52586680501981,0.533712658323653,0.542904095387438,0.561311316213342,0.571342694582362,0.58312271255338,0.592496105871489,0.603930241961053,0.613638512551323,0.624551521011023,0.637110684888765,0.649178116406163,0.6627779069708,0.676411428256214,0.690118967657013,0.707351039118142,0.728824343188758,0.750794438190174,0.770227443965802,0.799518923427969,0.831969399581903,0.907902399248899
liptovsky_mikulas,0.657386612971057,0.665190511819121,0.077073022108398,0.537030479384721,0.555184753000928,0.566110677587483,0.576486525907421,0.585254857160791,0.592630177747704,0.598750590376776,0.604481929419975,0.609062095413524,0.614790114234512,0.619755223247471,0.623533715314561,0.627482840351018,0.632004259085029,0.636356076067164,0.640875207750582,0.645657347326208,0.649698907640312,0.6535057458446,0.661377345329238,0.666103559235006,0.669684083331152,0.674130791222216,0.678626865851587,0.683319814885838,0.688295433242315,0.6940934491508,0.700489172721264,0.707186097945989,0.714737023716425,0.720787306238818,0.728093959027117,0.738796879325801,0.749462721624425,0.765999956128931,0.782328403187134,0.808378314728461,0.843497323350337
lucenec,0.607008788306098,0.62495303933258,0.158962728074597,0.357306035571336,0.396038796388847,0.422977020815869,0.44234687439929,0.45639254507145,0.471916658857949,0.487861179319871,0.49945983447549,0.508729771128292,0.517875079843729,0.527033917771036,0.535652602576973,0.543511698759281,0.552691680330661,0.561267269543998,0.570099702215256,0.579809850084442,0.589560678693645,0.598085642224774,0.618308916003378,0.627117781209832,0.636429306230933,0.645780237417597,0.656860973195253,0.667650172797356,0.67690801314356,0.68934719826669,0.703490171030138,0.716428070703943,0.731788042755107,0.743612593549258,0.761633590865353,0.780574917483861,0.801205396967442,0.82694099642423,0.860121171917633,0.91231799543085,0.990788188062698
malacky,0.705971400417033,0.702505731168535,0.0432895809374173,0.609487536657153,0.628410568051664,0.640484262452563,0.648758471467821,0.65658522686836,0.663468272579281,0.668486686822641,0.673112580224636,0.677506418656864,0.681393655186688,0.684741545178695,0.687141362708973,0.689776187370359,0.692415510577001,0.694507308884913,0.696744598363231,0.699571616038168,0.701481355341055,0.70365828836347,0.708352315500848,0.710413016435973,0.712340094104633,0.714593711307057,0.716653636616715,0.719406063605832,0.721605128759746,0.724186903858499,0.726749093997698,0.729462938952521,0.732353423379893,0.735981802268184,0.73951569780237,0.742754750458569,0.746671277011313,0.751516668916012,0.756324340587316,0.763555644414961,0.775721323964687
martin,0.461436346693471,0.459237099818653,0.0747658409904024,0.311166623204134,0.334239887502337,0.349158844887244,0.362460775459829,0.373458617442579,0.384552817567932,0.392142054000055,0.399563727267528,0.405614128275142,0.412781933331713,0.418519485461003,0.423946073106835,0.429230322509979,0.433334629823715,0.438189701068814,0.442695954931032,0.446788839713485,0.451768283882163,0.456583004459947,0.465316868969555,0.469702252861876,0.474651872187363,0.479235780813005,0.483898290312431,0.488291573687645,0.493273756197868,0.498896776899458,0.504145498217596,0.509022263338401,0.513528386719734,0.519351463843922,0.526202993746294,0.533276302158683,0.540561741760734,0.549711239278502,0.562636339958055,0.578353060337569,0.605452001508262
medzilaborce,0.654120209197073,0.660802602314038,0.124136711691105,0.44119362159726,0.47434528594452,0.495821519357573,0.511150621801127,0.524845523136209,0.536453476172021,0.548407343545479,0.558115352241061,0.568267983111904,0.576211505586524,0.585010247790988,0.593381240412782,0.600770041753297,0.608212840716549,0.615690028646283,0.622724586444511,0.630257740828262,0.637328978720083,0.645080714379005,0.661750524579049,0.667739416606462,0.675111069149866,0.682355475505229,0.691349749942222,0.69824981418037,0.70550254957902,0.713691121459809,0.722015881087291,0.734285541701091,0.743772760502073,0.755672636525267,0.767916688136094,0.781583494267363,0.79572852933366,0.815581855537289,0.839337565969359,0.874504630249523,0.936063098447176
michalovce,0.802795600176219,0.804021147566064,0.149981269867334,0.500037908172086,0.554998153160868,0.58914687490019,0.608255365853138,0.631218027153905,0.651625203425341,0.667413437458844,0.683520596814779,0.696932708799316,0.709716731526263,0.721105318378087,0.732930683727424,0.740958086646248,0.750441708238865,0.761447740468501,0.76855457384589,0.777158510970272,0.784776741959623,0.793442482863135,0.811799206219259,0.821285046366212,0.830418668264049,0.839647522091878,0.849368872070066,0.859094829381938,0.868875832288547,0.878069965268314,0.88867234194174,0.897806182587087,0.910784004214662,0.923599609390635,0.937859405122188,0.955760698786748,0.969439487858705,0.986627345504012,1.01786755926029,1.05083476564892,1.10249927273682
myjava,0.843984083483591,0.841718394903844,0.235938137267599,0.374945520501281,0.443229942978195,0.495476843353046,0.529302220213682,0.56052781953675,0.58623836875172,0.622648776249637,0.65264592548459,0.675227772743761,0.694706679474422,0.715312166724262,0.731207771359869,0.74666814212029,0.760088887639512,0.771927568812159,0.790489250795901,0.805519547994904,0.81913792189467,0.831929771869126,0.857104492764368,0.869333757066425,0.881140706659952,0.891642652572975,0.90540631648673,0.917827826642628,0.932537971501717,0.949587518628597,0.965744986434697,0.98752235728063,1.01195184539852,1.03500197673551,1.05764804899384,1.08462651536547,1.11072609727632,1.14425668542465,1.17985422786001,1.22318692894107,1.32416243632987
namestovo,0.779462617363825,0.773073395110695,0.185715932900924,0.387006101274453,0.466832090718123,0.50062523071506,0.535409517436222,0.555259978708058,0.57555741114842,0.5948125116369,0.614247515129195,0.639484887896445,0.653900734774317,0.669312486985024,0.68433711647401,0.697689394312981,0.710599847379883,0.72377820881604,0.737678801424841,0.747817595452082,0.756947270901232,0.768575200410922,0.790754730344697,0.799930812036867,0.81055174369377,0.821331921236616,0.834874886018668,0.846784978105058,0.859012166138972,0.872128388999559,0.883377868683908,0.894193784067076,0.907245982134404,0.9216966628996,0.941405518805511,0.960038744137396,0.982211856784713,1.00808347717966,1.03517241024586,1.06827645682336,1.12390340911071
nitra,0.636262606459205,0.628910113552691,0.0650609243590827,0.482399021279483,0.516005647529588,0.53431501907282,0.546124510454652,0.55670378678751,0.565454663604164,0.575122414992879,0.582129953627909,0.587782721938612,0.593615202212907,0.598331714356257,0.602631111510662,0.606179604615475,0.610376822836273,0.614782816025853,0.619395081869267,0.623659116774612,0.627978754826665,0.632164374893095,0.640019877162102,0.643509961695275,0.646665181675034,0.649940345335971,0.654046665602638,0.657526007942923,0.661265590544224,0.665038047276821,0.668293420299613,0.672411407453505,0.677004525187176,0.681379990967513,0.686096834584368,0.691356046124444,0.696967792203277,0.702858392672454,0.710608362923949,0.721061591777386,0.736826611444153
non-pilot,0.691600736250227,0.693270377186955,0.0309055726324784,0.635044278338772,0.645472321958961,0.651399933210355,0.654947142329128,0.658834910812023,0.661830656628414,0.664338621490515,0.666873512756039,0.669171669856423,0.671542146886624,0.673770827577387,0.675874068681045,0.677961366332951,0.680198964729304,0.68254218687948,0.684522286088691,0.686374209621689,0.68814367301102,0.689924632510774,0.693706149514739,0.695857744800245,0.697543894767878,0.699443715418337,0.70127032918055,0.703696549867273,0.706039131675753,0.70842273973531,0.710836819792314,0.713786653515942,0.716094422700442,0.718819737666501,0.7221544595253,0.725790197063016,0.729674390182626,0.73368327969305,0.73923156762282,0.746268566366646,0.758404772246569
nove_mesto_nv,0.391538173604316,0.394032037853894,0.111078646588118,0.185828879502086,0.208179877302644,0.235679118060204,0.254764797164665,0.269619302902576,0.282251137603325,0.293292526680869,0.301597570527431,0.30815077300134,0.315356092029405,0.325364862104443,0.333596687526958,0.33995254599364,0.34680644907955,0.353457823819901,0.360902789119458,0.368397324107849,0.376190059002168,0.38351648676908,0.396924531514937,0.403165450748535,0.412464764977876,0.42032592446474,0.428390126776069,0.435823431125994,0.443976966984162,0.452517424086998,0.460531756710933,0.468107927835844,0.477603442243481,0.48877509520915,0.497985185834105,0.510083458179047,0.528018473864181,0.543438794066556,0.561383310898002,0.585203048893873,0.613840290322591
nove_zamky,0.567814189760843,0.565441499825806,0.125304818210912,0.315776956205968,0.355990381642895,0.380813833491925,0.398056893700369,0.417754665613224,0.434152726577745,0.445688355488903,0.455492569847944,0.468553288513233,0.479085102862754,0.491592909120142,0.502057276197536,0.510243223826247,0.517782542512693,0.526432436756933,0.533561501638413,0.542657753757496,0.55097610868419,0.559150159536985,0.575352007300351,0.583181892741951,0.590974773255187,0.599219427396829,0.606323347616015,0.613980464165199,0.62220243075236,0.630689614718531,0.641043844342577,0.648823311847516,0.657437692427559,0.668034483096042,0.681483810165547,0.696973543670418,0.711090275174931,0.727569386882336,0.748295678710721,0.770266942620216,0.802746700179958
partizanske,0.510289764347983,0.507844962278456,0.0632078061686408,0.377784709228241,0.40403718326402,0.418344311489868,0.427147876261336,0.436367510652733,0.444992884044089,0.451441800876245,0.458083217553603,0.463732721536057,0.469843210806771,0.474947486813367,0.478834528270197,0.483708753166152,0.487444291610559,0.49184343265789,0.495297938742531,0.498887806237983,0.502838769575783,0.506937387032764,0.514201663881417,0.518422163855538,0.522151989059571,0.526108088662387,0.529597587834373,0.533227724230084,0.537355401262234,0.541367776548661,0.544982849662339,0.549774733474607,0.554393233600468,0.558556311638112,0.564210755927653,0.570763807045127,0.577216030660013,0.584432117816452,0.59454937174124,0.604860553446335,0.624222257591413
pezinok,0.639791462185632,0.63910221029989,0.0584079080337177,0.513198798261251,0.551974406156044,0.564007003056977,0.571387862345244,0.577683810500388,0.585089377540854,0.590584156040049,0.595607515671357,0.599967971727214,0.604135794943,0.6077346071808,0.611409417587779,0.615637293451318,0.618955921538,0.622372752732745,0.625766041513226,0.629395076650906,0.633386686023147,0.636347555353662,0.643443001751892,0.646151607202331,0.649526011425833,0.652664819880128,0.656750921037799,0.659874624440425,0.663440046552961,0.66734644285421,0.671623250210352,0.67627580802864,0.681271484668462,0.686704578840724,0.692048874237727,0.696712356325064,0.702363362430039,0.710234043144895,0.718705143420057,0.728987560936983,0.747668848074348
piestany,0.635652599055112,0.634283585956685,0.0534567030916503,0.523462000728192,0.545967549016543,0.560037801686556,0.569299667516727,0.575844309174683,0.581568739878876,0.587349061062549,0.59221237969574,0.596279695018525,0.601291395090097,0.604789770632901,0.608630844333123,0.612262019234178,0.616426498177565,0.620257435190597,0.624247829839551,0.627295691741787,0.629953463105035,0.632933349418477,0.638381038337431,0.641479143692588,0.645110856244371,0.648113836845636,0.651091365632821,0.653975761407986,0.656916259521116,0.661244959123501,0.66516788750979,0.668743381923233,0.672966693751839,0.677614313677195,0.682817513808957,0.688251489566956,0.694117337548416,0.699860593253947,0.707423918536861,0.719294396946267,0.735576599479771
pilot,0.73961985091369,0.741219696078975,0.104090659993074,0.544036897329629,0.575786959354078,0.598230848616398,0.612553607994248,0.621272916410204,0.630830104556828,0.642178183104682,0.650665440516577,0.660280047588862,0.670887306200851,0.67939861021716,0.686027618440539,0.69256688652673,0.700687937536783,0.707044581919084,0.713871946769267,0.720068628569105,0.726321309187011,0.733673237740924,0.745119891261311,0.751075338206204,0.757166572839553,0.76419224843416,0.770931490644108,0.77937144883097,0.787278901889895,0.7961150157688,0.805047376343459,0.812964434409026,0.821602953058118,0.829352212401082,0.839404671156235,0.851372971515988,0.862935891700145,0.873862560047667,0.889806285418967,0.908350914179286,0.941777009775857
poltar,0.298842101324967,0.296908783045377,0.0690604307839654,0.161059566149355,0.184086974760115,0.195417200888195,0.205868849020005,0.216017359730376,0.224007598990204,0.230035376668427,0.23658196481633,0.242188053684789,0.248228166364231,0.254808224718441,0.261523933653783,0.268085978867264,0.272199440375921,0.277414643305117,0.281215458125396,0.285189255735267,0.288863905866449,0.293447936163219,0.302774117042292,0.307658913038254,0.312239194193494,0.316514693138183,0.32050661837033,0.32475994707806,0.328775079358171,0.334137152740393,0.33923088415409,0.344125405428682,0.349270388116311,0.355004314884237,0.359771372278465,0.36630089988226,0.372751536073967,0.381459609485374,0.391992615898924,0.409369122923086,0.431946194672183
poprad,0.592571354858922,0.589158556734421,0.0507877597248767,0.46854980635842,0.501432136505829,0.516230475046408,0.52632299477529,0.535718100768711,0.542028330220782,0.548053970604384,0.552608782892935,0.55681556027088,0.560567962635773,0.563963154879543,0.568031574676389,0.571402042443655,0.574945806320914,0.577928432342242,0.580516667538942,0.58424904276159,0.586604855062284,0.589412673892858,0.59532805444109,0.597779776333587,0.600980189557988,0.604185910072638,0.606807265928403,0.609596758583835,0.612830580044979,0.61565498150536,0.619320869150267,0.622561128642014,0.626318435595133,0.629229709920673,0.633820339253867,0.63886427308071,0.643722964961533,0.649153871476699,0.656801829408604,0.666245505767917,0.67730229721627
povazska_bystrica,0.581694913001974,0.580999368199763,0.0600728951377727,0.456072890839509,0.482345897524534,0.495193332297056,0.506144824197901,0.514532010275909,0.520720056516933,0.528532567171897,0.534425768733549,0.540266017606032,0.544879367041597,0.548892394437666,0.554189817199742,0.558192981479757,0.561830268264594,0.565148090505131,0.569130718498114,0.572013984738931,0.575330982236884,0.578842610621949,0.585984325561789,0.589556542159334,0.593680466103022,0.597017700543013,0.600901586952205,0.604189772969143,0.607880709127399,0.611805190854975,0.615735695459561,0.6198564319285,0.623791262471038,0.628135168236342,0.63370113183103,0.638939140950444,0.64637390481631,0.65303727072383,0.663170036144449,0.676468016686271,0.696163799244116
presov,0.820015134803366,0.818026564887358,0.0889154330581284,0.620513414656523,0.665145398626847,0.687489094221268,0.705125053280568,0.72067422030527,0.731182153987261,0.740387201309011,0.749573401082266,0.756576647008218,0.762588461842023,0.76937604584993,0.77481709955577,0.781154685927798,0.787395457038371,0.794674079333279,0.800309032009172,0.805817262978324,0.811631075615495,0.81512809276785,0.825604368761545,0.831304511887992,0.836893522931119,0.842472116971063,0.848046616050914,0.853460193605818,0.858833243536156,0.864449636895557,0.869965573810028,0.875472837214463,0.881394668669491,0.888098954019545,0.896560736351425,0.90406272523246,0.915389402294034,0.926826067493118,0.942450689203305,0.963379769907487,0.991717554866423
prievidza,0.614210839769391,0.611120928247932,0.0659356145882985,0.469831019334926,0.495005826739419,0.513804691349549,0.526272915192923,0.535106888574872,0.546077688957964,0.553635223273234,0.559954085072668,0.566874342783283,0.572714774072075,0.57804783662123,0.58323692932426,0.58722756923907,0.590728540387189,0.594606745846414,0.598114624602442,0.601928414282764,0.606079536815379,0.609636908153301,0.617689942796765,0.621391065145715,0.625068328934783,0.629060392526289,0.632854015637014,0.636450329800049,0.640562227029105,0.645659285763981,0.650227151779363,0.655089243399173,0.659616616885558,0.66506496050515,0.670191542689132,0.676505176976061,0.682977240342401,0.690819833387618,0.700551645538102,0.7144841607182,0.731722427522992
puchov,0.604409118291226,0.600411039913677,0.0839681435816225,0.421862531817214,0.455743442707487,0.481473186715829,0.500595660591285,0.513603331204614,0.522983990372628,0.532612974763688,0.539887388088303,0.546262439512476,0.552016582204304,0.557510225454553,0.562945153590228,0.568347172113413,0.574459923991024,0.5804128522938,0.585515345238705,0.590721461634933,0.595372099187953,0.600409383815594,0.609133728957731,0.613528204525254,0.618325932578137,0.623892117562854,0.628271508185654,0.632415121441716,0.637330436677101,0.642626607299208,0.647682161721495,0.65321825968502,0.659808799461476,0.666301942474494,0.673555230852905,0.680858218838946,0.688577283955649,0.698095892712096,0.710413756899494,0.727591768101744,0.756628742126435
revuca,0.406011202445068,0.39662650610764,0.0808719861506172,0.214655834651469,0.246163547781789,0.268874404174553,0.285908587430951,0.301061128582438,0.312892964542571,0.322002349891665,0.331054389821852,0.340334855715225,0.348265609787277,0.352475607678931,0.358208164242913,0.36598119131378,0.372955104113719,0.379031447232651,0.385574811762587,0.390896696414812,0.39630768443745,0.401117588652471,0.411368592611329,0.415930250853477,0.420460130824583,0.424521285447149,0.427918902224184,0.432606647032533,0.437134087293769,0.443885055291573,0.449481821501289,0.453655159202854,0.459334008590355,0.463754599863608,0.46920756804504,0.475905316788235,0.482971820216324,0.492004626685067,0.502394999989416,0.516297249731429,0.53476781425576
rimavska,0.39364793406691,0.386435613995556,0.0690306647226265,0.225244214611445,0.257322207889161,0.274616881904977,0.291320797652062,0.304270821573996,0.319996230851848,0.327121376724202,0.33514654226181,0.342911291003964,0.347826631776343,0.353225318457447,0.357642751337063,0.362292707679375,0.366632788401357,0.372081485173002,0.376607744092078,0.381029813696824,0.385489161849412,0.38986597478579,0.397953124847501,0.402642230512468,0.406765842180424,0.410838240143016,0.414120433444272,0.418055275672737,0.421754402126884,0.425762851680223,0.429980657051073,0.434323520545626,0.43829929978109,0.443799471183827,0.448985302036762,0.45382764601634,0.460219825387401,0.468090716255627,0.476836753275298,0.485937439746871,0.497599419854481
roznava,0.62647652985381,0.625363620852121,0.10070325410218,0.421422821787269,0.446240197405504,0.480807777840974,0.501813675999746,0.51556119977599,0.527869477255364,0.53836897730559,0.548048183926452,0.555277283298029,0.56521630283608,0.572328161320824,0.57910863449003,0.586305495065554,0.593070028439309,0.598898121694259,0.604303142182041,0.609567037138165,0.61570561246631,0.621200492725756,0.631756197772451,0.637276213192896,0.642366289876673,0.647972625747827,0.653435325559968,0.659846188608624,0.666511972512682,0.673209266345783,0.682042468452634,0.68800364089561,0.696715027186842,0.704480127384947,0.711870465185241,0.721773738515458,0.735172296513295,0.751174661576666,0.76524415575895,0.785332046416573,0.821991327503491
ruzomberok,0.435127688076414,0.432302439550576,0.0482121442470018,0.329922758653561,0.347941731675896,0.359945409795286,0.3706948520098,0.377866716134268,0.383273951946181,0.389664621781033,0.395257569369861,0.399472127638362,0.403676354908795,0.407100602045289,0.41037234232459,0.413886176949363,0.416552925055431,0.419865822042359,0.42302398661939,0.42601626169229,0.428955753978194,0.432434231896901,0.437431899686751,0.439920452354408,0.44261823175263,0.445313675616104,0.448616375003964,0.451037015320113,0.454148141990376,0.457051495262694,0.460551558158767,0.463933431660422,0.467991866749554,0.471927547290052,0.476227463753566,0.48150898601153,0.486394001496224,0.492397536561583,0.499369463756313,0.508100062117935,0.521807576786191
sabinov,0.513794568628352,0.516714874441678,0.0808492649918903,0.367092290294191,0.392899090231016,0.408285488801347,0.419870662558578,0.429749402541813,0.439595788835516,0.446518211834433,0.451991135577389,0.458258214865354,0.464237360112104,0.468979138694818,0.474062010642281,0.478692194658677,0.484140191807355,0.489241596107952,0.494548201547328,0.49947109505107,0.504212852469025,0.509395271458695,0.518597107771706,0.523169562008203,0.529066647069962,0.53436258310804,0.539468769487528,0.545515651769161,0.551132232338608,0.55627533822144,0.561017350978246,0.567476577656927,0.573955986688833,0.581554182224509,0.589523247351363,0.597617718490361,0.606885919899263,0.617588072740143,0.633379852435994,0.653460102728475,0.682875439781847
sala,0.74722952630384,0.742299839065866,0.0640156578327396,0.598335193567399,0.630525894364847,0.653813831764097,0.667792240453291,0.676999827221331,0.68479069031175,0.691839336819542,0.697329679977806,0.702282712993234,0.707577454875834,0.712666562597976,0.716620146483239,0.720327179439327,0.724450942098636,0.728345077643846,0.732747229011659,0.73626915282723,0.739758602756819,0.74329963733512,0.750636178349253,0.754136473232755,0.757736756591519,0.761399078323035,0.764569461630874,0.768140285280974,0.772096126905577,0.775792179796728,0.779716579981251,0.784003561314567,0.787909955789476,0.792492106225014,0.796891273786456,0.802104526453544,0.807407955682052,0.815455365850194,0.825122894380722,0.836570825968044,0.853286538206487
senec,0.552587420987472,0.546380736838681,0.0866384968592876,0.360427938574098,0.398345261024574,0.418377272733089,0.432777460915799,0.44552630664888,0.456936671041148,0.468400399292786,0.477369229420687,0.485223344465168,0.492508200607278,0.498279649681609,0.504066118270092,0.511013201251385,0.51639527651099,0.523095857735499,0.52998444557493,0.535721852984713,0.542036635554461,0.547648242264745,0.557060572179913,0.562131868238525,0.568201861620648,0.57295039420168,0.577561034640982,0.583023452747471,0.588370465352986,0.592891187141609,0.598359688457866,0.604953545513181,0.611236880432365,0.617942650535278,0.62651991668859,0.634189814119168,0.642462695595306,0.650210161874553,0.662998331566533,0.682772019998548,0.705489103274364
senica,0.652542327223765,0.648499248973567,0.0830629188016263,0.452828740987409,0.4957726441228,0.524108987078484,0.544138281223116,0.557902237242286,0.569243677547873,0.581188791132959,0.590277609877641,0.596984969116461,0.603349650163795,0.609075916882357,0.613783860791412,0.618836572971988,0.623329675091958,0.628462722454389,0.632639882801146,0.637593751606013,0.642757270067446,0.647424147950408,0.656803342417125,0.661548029313943,0.666088285013405,0.671693276701005,0.676902706886534,0.681131798016089,0.68706329107381,0.692308045310044,0.69770017715785,0.70409352090638,0.709963610108422,0.715561157250965,0.721594767942468,0.729181603784628,0.736847122751662,0.746175771678942,0.757349862302267,0.77370538338179,0.798575812271126
skalica,0.660158499034425,0.652424049231326,0.10990709640309,0.409729567222507,0.453425204150138,0.487433453892432,0.518552861023416,0.538131738226504,0.551510358640714,0.56319760297348,0.569908722141422,0.578449618041825,0.588503978718742,0.597546635324613,0.60619793996605,0.612598318980172,0.620081430332548,0.627972087350945,0.634655091017518,0.640952875447557,0.64750420691357,0.653405454221558,0.665560557114701,0.671312101102527,0.676550659188439,0.684053483817681,0.690140725032136,0.695968214484596,0.703766790208155,0.710709139839771,0.71743863347953,0.724367418655778,0.734285414584531,0.742142610013877,0.751373612152094,0.761486876875197,0.772251908435705,0.783279854166807,0.798248956323206,0.814562261240309,0.84324208471825
snina,0.630045639641529,0.619382918580291,0.0842605415364158,0.433333689462507,0.468102836056284,0.500165211433245,0.515583338801604,0.529208914159642,0.538268779582128,0.547198475419074,0.554004277098962,0.562536971242839,0.572504063184287,0.581281979726527,0.587095352937182,0.594105137629595,0.600420992975709,0.605264856850975,0.609881321438553,0.614985682051242,0.619053622728572,0.624759945436695,0.634505232232928,0.638424153902446,0.643332352067647,0.648265074434103,0.653784615111901,0.658161066750768,0.663057448203266,0.667198434472594,0.671548097767119,0.6760639507741,0.680546251241981,0.685917345978609,0.69227290458452,0.698534232011923,0.705250234915065,0.713159827879088,0.722864273386507,0.736960148362025,0.757306137587413
sobrance,0.884115774842408,0.873993323232842,0.163723187610129,0.524161480515513,0.579832106470878,0.621251294342787,0.654427341252394,0.682541020621098,0.701783930736226,0.722900566852514,0.740621274519771,0.758120422842635,0.773785445997713,0.791542129815126,0.806629507453886,0.820426518089711,0.830719789531599,0.83998698534255,0.849816355331683,0.858878387724824,0.866693169620967,0.875512428440384,0.893458109141867,0.90228047651731,0.911932602821628,0.921000895288754,0.931776797179143,0.940315726378543,0.949856806424519,0.960282853023979,0.971493126618782,0.981249798162917,0.993193506316903,1.0075891375846,1.02160608576859,1.03507467445973,1.05535973271497,1.07300811692109,1.09494988264339,1.12996120330474,1.1790440482499
spiska_nv,0.533511245248652,0.52268733119237,0.109413211322372,0.29258600642898,0.323488937530913,0.349055917229835,0.367466663745917,0.391514303058168,0.408327185977183,0.421804468692468,0.435877441282665,0.447416941476004,0.456321992032405,0.465157359781349,0.473483380336634,0.48318095817847,0.492787445280646,0.502061976284568,0.509198860489483,0.516249686171876,0.521860506114352,0.52817127913759,0.538319705804958,0.543163543595187,0.54785457655226,0.554024590592948,0.559413565366276,0.566006682036807,0.572794162287812,0.578545508372908,0.585697815242171,0.59318669644165,0.600297553367694,0.608623565578036,0.616562591776312,0.625910032636909,0.639470349417883,0.652346456228753,0.669140966532227,0.692130787103982,0.721172201110068
stara_lubovna,0.69532923500739,0.680746119587917,0.0821750260740637,0.470481241652426,0.515126087740459,0.545861316366989,0.568552579110461,0.586816768854045,0.604103564949666,0.616698512788805,0.626825803417228,0.634687572453567,0.642018551150056,0.648743343652559,0.655350510474024,0.661452962414621,0.666639941037835,0.672538272548067,0.678200646598578,0.682706655028735,0.687040218656397,0.691203255983884,0.699430057896413,0.703443985708907,0.70690611749661,0.71098858969786,0.714449944436871,0.718357386028615,0.721991115387481,0.726665482507177,0.730420047351633,0.734783149704585,0.739188478783978,0.743759287653848,0.747930687805091,0.75350112258408,0.758978069438653,0.766515248793317,0.775734824929237,0.787856621050749,0.808143352529738
stropkov,0.582589508169001,0.590227255133794,0.182053454418808,0.263286823381187,0.293185717638623,0.327968634734579,0.349766076767399,0.377633511564842,0.397995836532477,0.418285583669559,0.431161792216294,0.44799267005437,0.459628906647373,0.47601729188171,0.490721205304923,0.50272192069676,0.513111854431786,0.52483141375366,0.536043059553846,0.545271765574898,0.557639858175197,0.569224646742347,0.594218285413744,0.605799013385932,0.619554851433698,0.630900104025725,0.642562528703945,0.655587049449611,0.670677800131077,0.683983493312997,0.69764214019013,0.714731766358096,0.73415785716378,0.750372125499492,0.76753000805363,0.782839161180394,0.804704350610017,0.828490886396681,0.85999731476691,0.902585194218666,0.961241618184203
svidnik,0.624117977598417,0.62952630791234,0.171022375771363,0.290989494607688,0.35310165303838,0.387415322765793,0.41175621275141,0.433312275449085,0.452323967628665,0.477711544408855,0.493691331420881,0.505673934762798,0.517605175217351,0.528395522706336,0.539798726528764,0.551929708849142,0.563159662188429,0.575484046424483,0.585737893901582,0.596302548716655,0.60722403502485,0.616580338186739,0.636192901473631,0.6473242535507,0.659771418581907,0.670413924232293,0.67955822884381,0.690261454978227,0.700191128560299,0.712387854358741,0.726493283725376,0.739919093246264,0.756485114277351,0.770051293875514,0.787990451840695,0.803883679080692,0.823457398418708,0.848169272705418,0.878022866182394,0.909858227065618,0.967285597566392
topolcany,0.542308872740687,0.533722559129141,0.0696137731709212,0.372701499373144,0.405204803209815,0.428700814585321,0.441305208978906,0.451584758062122,0.46293644485506,0.472502496258602,0.480127596684781,0.486306327323092,0.492151784547602,0.498520746014873,0.50433822837863,0.509088529490382,0.513997971147992,0.519158684494432,0.524172386868868,0.528542361992517,0.53270158591783,0.537325171037402,0.546862612298913,0.550556033425209,0.554972058512359,0.558624448169247,0.562394888575245,0.566278229706634,0.570128826848524,0.573737213841506,0.57873634295993,0.582835789702059,0.587295139634184,0.591457075618305,0.596243297156016,0.601317488812476,0.606726750682038,0.614659241142144,0.622634878279894,0.633243086195563,0.649425586325418
trebisov,0.897792437691944,0.898486895529256,0.134433104899802,0.592767007169797,0.680607155031881,0.7214332664741,0.743833988561855,0.759326964030175,0.775319838373343,0.787389097540468,0.799581284057485,0.810408185266129,0.818827696976344,0.828776634629072,0.837251380584367,0.845287657298428,0.853147498848144,0.861657721816013,0.868863039478258,0.877079133994431,0.88524976405113,0.891886727776656,0.905074095367264,0.912364128350407,0.919707036338244,0.92708635971631,0.934043431592682,0.943067285143474,0.952469630107003,0.961419303491491,0.970612266597078,0.979628861672316,0.99171837277676,1.00406912601289,1.01882470389726,1.03190630075769,1.049711083205,1.0696072414803,1.09201580661495,1.11626741403232,1.15957357699038
trencin,0.672556097183807,0.671617401734235,0.0574004143282601,0.555558421356383,0.579506827737177,0.591502255331063,0.598629944918905,0.606272764255767,0.613393929950703,0.618927089530547,0.625642465881341,0.630905259664007,0.635764010274218,0.640136590462617,0.644211516944651,0.647040428129717,0.65074001601802,0.654654029625158,0.658567734698396,0.662104702616862,0.665864297841369,0.669293077653729,0.676306052671111,0.679791271882349,0.68357298476539,0.687509078323472,0.690191186529152,0.693629825173714,0.697122488830944,0.700474610569837,0.704478634764828,0.708851855015318,0.71286457930053,0.717598754782678,0.722057835242093,0.726584917988861,0.732570353825896,0.741116603683743,0.751226273060303,0.763210815720856,0.787841406083901
trnava,0.77147296581553,0.77101396158937,0.0615199133470841,0.645533025913633,0.675485942850984,0.687676159768123,0.698202215003467,0.70528761928888,0.711214803883579,0.717366527730001,0.724511725541734,0.73063164593162,0.735450081234524,0.740201893431096,0.744202493805183,0.748352796179209,0.752266750244775,0.755739773007234,0.759369033994148,0.762618169269025,0.765743614887707,0.76877927809211,0.77486751404926,0.778488525766449,0.782069253765437,0.786000186335836,0.789798248060077,0.793231014024629,0.796869062271964,0.800057458995322,0.804196608243764,0.809265928017817,0.814175168577508,0.818803770846041,0.824540749510974,0.830315846488561,0.837646563690611,0.845457068334865,0.85480293772414,0.86707222997791,0.888622675446193
turcianske_teplice,0.387091570918176,0.382993137199176,0.0619052101208532,0.243908325769842,0.27520527782167,0.295418368149676,0.308751945818731,0.316118892665267,0.322957849516023,0.329734192966533,0.335870467684315,0.341080097052775,0.347255556473433,0.352929873590656,0.357517627464288,0.361665697990345,0.366024585667311,0.369739715431502,0.3729030963658,0.376770832677307,0.381213037336952,0.384164529050642,0.390636781499236,0.394215874525782,0.398029953530205,0.401876140076246,0.405184412804639,0.409124894843239,0.412837013647596,0.41594858096205,0.420389495584046,0.424552736426755,0.428206001170257,0.433106538351516,0.438457916013128,0.44383382294805,0.449252324830099,0.455613244258613,0.463064372218925,0.473678155736672,0.490154668199381
tvrdosin,0.492179824767504,0.486660611141515,0.133380744647424,0.227646307115718,0.259421978414515,0.285745736390199,0.307741816124641,0.3276750514796,0.346077609277273,0.357487824001548,0.369688071280651,0.383848227318779,0.395402327835764,0.405995260806478,0.415347711100761,0.425376596783178,0.433600242169697,0.444672979498887,0.452776071620484,0.462128585038731,0.470853935092924,0.480811606781508,0.501074593325279,0.510432886250081,0.51757169304106,0.524910856437013,0.533184279096199,0.54134625163014,0.54979730144764,0.560414845319391,0.57115402590146,0.579335450809204,0.589331163743283,0.599089457388411,0.61032796645868,0.624493013427937,0.637740022386611,0.653201927184061,0.670389839479077,0.702342191456255,0.736003654734165
velky_krtis,0.614606678940971,0.606691963954738,0.103322170913335,0.370635738341735,0.420031117024853,0.446641855394871,0.476863995576323,0.493546959269101,0.504655855226769,0.521396331059058,0.53129870459334,0.542582006592553,0.553519132995529,0.562697212109183,0.570609407792108,0.576937218796857,0.582255412757442,0.587950453809657,0.59355363771956,0.598720815719839,0.604804070248985,0.609434863711003,0.6191232659067,0.624187843849386,0.628634015184193,0.634425309250207,0.64071906058846,0.647739694601706,0.654521211515223,0.660528870710027,0.666196406301837,0.672574473331116,0.680519926092093,0.688064667037067,0.695955332788541,0.703462428617658,0.712576567248091,0.726459218351829,0.738667734840019,0.759662471436672,0.789088848868923
vranov,0.500746533594151,0.496108600183211,0.100086497255249,0.278492984499151,0.317719088849881,0.340797322469441,0.367462955745602,0.381368975664315,0.394618777065992,0.410522144257241,0.42077802762724,0.429396244195777,0.435751700769186,0.442073948164125,0.449371387327996,0.457625239366747,0.463798503270336,0.469363208377679,0.47551099146483,0.482692779180365,0.489393924298713,0.495527482812492,0.505562890788567,0.512014461570807,0.517879332802025,0.522661144690475,0.527707842876251,0.533970760185515,0.540995418894341,0.548152244494842,0.555004929246081,0.56385223477606,0.570988815505334,0.577755611941854,0.584796659130378,0.593875947728245,0.602599418493828,0.617349293517006,0.634520126846685,0.661570461107922,0.688444301883309
zarnovica,0.600989800596651,0.595396705165529,0.0730240582309963,0.425643068456269,0.467409837304728,0.488301699223757,0.507813175542857,0.517306533984494,0.525621153967597,0.534686726702938,0.543133553767115,0.550704975281965,0.555851775024935,0.560273673399373,0.565471047449649,0.571312329447708,0.574596500931794,0.578925670578578,0.583299148426959,0.587719207843281,0.591907821558069,0.596496594971442,0.60573963782576,0.609528176932718,0.613814403176519,0.617451148062719,0.620668119546597,0.624641450841417,0.629277555165634,0.633327846494189,0.637557222932752,0.642285374142429,0.647130160343533,0.652297154092402,0.658509616125562,0.665469498706451,0.674287743158169,0.682800475521725,0.691905375246171,0.701421239315792,0.72393056320094
ziar_nh,1.03862367100228,1.03596488992156,0.150502119330761,0.727852201751373,0.782981537604833,0.821990043923814,0.850357061824222,0.872121286012284,0.886091924230452,0.89925674207413,0.911789617307874,0.924991105960683,0.938283179915503,0.951008228607891,0.962826102697596,0.972246925881729,0.98150785203927,0.990996145549704,0.99948037114166,1.00928040633564,1.01846422245263,1.02894842141516,1.04658611041753,1.05462811673631,1.06436167345459,1.07300263175668,1.08146225643618,1.09126881769713,1.09901147306199,1.10942424582197,1.12143037369159,1.13249452595781,1.1466674219223,1.15898019789667,1.17523090096208,1.18783858649218,1.20579337416414,1.22917580442355,1.25103974379222,1.28251050998377,1.33085955254333
zilina,0.512565866296725,0.508603402446867,0.0567446640362786,0.387732177925467,0.415110209355555,0.430112537865126,0.439397833547671,0.446305290143446,0.452472356901305,0.45848881516716,0.464000918569113,0.469091831262618,0.474368673018054,0.478777021522848,0.483762466007035,0.487603873569381,0.49114970456067,0.495057088716543,0.498988047419289,0.502503601072542,0.505225702773736,0.508490123867758,0.515785996029801,0.51934091594949,0.522322148385792,0.524946219902925,0.528220498141628,0.53157186088857,0.534281824840249,0.537106031090521,0.541012025209906,0.544877288859909,0.549027869392567,0.55322052067572,0.558389024275702,0.563185131547014,0.568939419976758,0.574954807785084,0.583923449074639,0.594502748358677,0.611892562486841
zlate_moravce,0.840935004984745,0.845565661982131,0.156850674143672,0.558065885699534,0.594751011405015,0.627117065649088,0.651152289927727,0.668935694597781,0.687480337232802,0.703636751672604,0.720159496138541,0.732127663238697,0.745005050246487,0.759986500695582,0.769316048130153,0.778199164688529,0.786996795325536,0.796400587645851,0.80525644862663,0.812804437092648,0.820688926015212,0.832606177138039,0.851185878461241,0.860129195938858,0.869146252829002,0.878046744739511,0.888505432784755,0.897533166690751,0.907843362755527,0.920278014261403,0.930788665812637,0.943114878789128,0.95618633768194,0.968194192541538,0.982406551183231,0.999589839087442,1.01623265155304,1.03916230918399,1.06863123013518,1.10328157378193,1.17138463407027
zvolen,0.601624765571368,0.596598731982134,0.0480990512268215,0.482698107272327,0.514101915703131,0.527548608732574,0.538690135910748,0.545409011392482,0.550748376373104,0.557629600737899,0.562676429570794,0.566973272443214,0.572068140596774,0.576963582541045,0.579964520759018,0.582945866683222,0.586131277853304,0.588851891729414,0.591718624871028,0.594591142241522,0.597084835368483,0.599218355763913,0.604052438013302,0.606277695919081,0.609249267429212,0.612057699899282,0.614494705318906,0.616855814672734,0.620023423560205,0.622779301142274,0.626205293023977,0.628600319886096,0.631771434993928,0.634822684943223,0.638025206392349,0.641773551477734,0.645808329640333,0.649902047159076,0.654959671750372,0.662969060043022,0.672140079215989
